Model,MAE,MSE,RMSE,MAPE,R2 Score
LSTM Train Temperature,0.3777251977483194,0.23662891203166708,0.4864451788554051,1.484472173267251,0.6799159738611135
LSTM Test Temperature,0.38913509861228435,0.24282745314399512,0.4927752562213277,1.4834166614992588,0.8735819478418254
Conv1d Train Temperature,0.3724207446485401,0.2324545339062292,0.48213538960154045,1.4655800672430308,0.6855625862955121
Conv1d Test Temperature,0.38226286929386205,0.23888943347447747,0.488763167059955,1.4584117564099321,0.8756321146147141
GRU Train Temperature,0.37978577659832063,0.23373049955750783,0.4834568228471989,1.4928690444673125,0.6838366086059324
GRU Test Temperature,0.3839715079138152,0.24277641687145413,0.49272346896758845,1.4638956316073028,0.8736085177624853
