Model,MAE,MSE,RMSE,MAPE,R2 Score
LSTM Train Relative Humidity,1.4427813218072572,3.4320940645628615,1.852591175775935,1.9065982673457091,0.9483575805792857
LSTM Test Relative Humidity,2.0592861645912404,6.588413290796992,2.56679046491859,2.4690054241319634,0.8407583571282364
Conv1d Train Relative Humidity,1.4192854683260663,3.3706523101217822,1.8359336344546286,1.870919215799716,0.9492820892882843
Conv1d Test Relative Humidity,2.0426602967306065,6.441052092104404,2.5379227908083424,2.445024901467359,0.8443200704482157
GRU Train Relative Humidity,1.3960093225709052,3.2908060327339923,1.8140578912300436,1.8552305706854562,0.9504835292454866
GRU Test Relative Humidity,1.9947552159896713,6.399753599550781,2.529773428501213,2.400840344822005,0.8453182530928218